{
  "data": [
    {
      "plantCode": "CA-001",
      "plantName": "Diablo Canyon Nuclear Plant",
      "operatorName": "Pacific Gas & Electric",
      "city": "San Luis Obispo",
      "county": "San Luis Obispo County",
      "state": "CA",
      "latitude": 35.2115,
      "longitude": -120.8536,
      "capacity": 2256.0,
      "nameplateCapacity": 2323.0,
      "fuelType": "Nuclear",
      "primaryFuel": "Nuclear",
      "technology": "Conventional Steam",
      "status": "Operating",
      "operationalYear": 1985,
      "zoningType": "Industrial"
    },
    {
      "plantCode": "CA-002",
      "plantName": "Moss Landing Power Plant",
      "operatorName": "Vistra Operations Company",
      "city": "Moss Landing",
      "county": "Monterey",
      "state": "CA",
      "latitude": 36.8121,
      "longitude": -121.7831,
      "capacity": 2560.0,
      "nameplateCapacity": 2640.0,
      "fuelType": "Natural Gas",
      "primaryFuel": "Natural Gas",
      "technology": "Combined Cycle",
      "status": "Operating",
      "operationalYear": 1950,
      "zoningType": "Industrial"
    },
    {
      "plantCode": "CA-003",
      "plantName": "Topaz Solar Farm",
      "operatorName": "BHE Renewables",
      "city": "San Luis Obispo County",
      "county": "San Luis Obispo",
      "state": "CA",
      "latitude": 35.3865,
      "longitude": -120.0552,
      "capacity": 550.0,
      "nameplateCapacity": 580.0,
      "fuelType": "Solar",
      "primaryFuel": "Solar",
      "technology": "Photovoltaic",
      "status": "Operating",
      "operationalYear": 2014,
      "zoningType": "Agricultural"
    },
    {
      "plantCode": "CA-004",
      "plantName": "Alta Wind Energy Center",
      "operatorName": "Terra-Gen Operating Company",
      "city": "Tehachapi",
      "county": "Kern County",
      "state": "CA",
      "latitude": 35.0586,
      "longitude": -118.3275,
      "capacity": 1548.0,
      "nameplateCapacity": 1548.0,
      "fuelType": "Wind",
      "primaryFuel": "Wind",
      "technology": "Onshore Wind Turbine",
      "status": "Operating",
      "operationalYear": 2010,
      "zoningType": "Agricultural"
    },
    {
      "plantCode": "CA-005",
      "plantName": "San Mateo Generation Station",
      "operatorName": "Calpine Corporation",
      "city": "San Mateo",
      "county": "San Mateo County",
      "state": "CA",
      "latitude": 37.5629,
      "longitude": -122.3256,
      "capacity": 165.0,
      "nameplateCapacity": 170.0,
      "fuelType": "Natural Gas",
      "primaryFuel": "Natural Gas",
      "technology": "Combustion Turbine",
      "status": "Operating",
      "operationalYear": 2009,
      "zoningType": "Industrial"
    },
    {
      "plantCode": "CA-006",
      "plantName": "San Francisco Energy Center",
      "operatorName": "NRG Energy",
      "city": "SF",
      "county": "San Francisco",
      "state": "CA",
      "latitude": 37.7749,
      "longitude": -122.4194,
      "capacity": 175.0,
      "nameplateCapacity": 180.0,
      "fuelType": "Natural Gas",
      "primaryFuel": "Natural Gas",
      "technology": "Combustion Turbine",
      "status": "Operating",
      "operationalYear": 2001,
      "zoningType": "Commercial"
    },
    {
      "plantCode": "CA-007",
      "plantName": "Hayward Solar Project",
      "operatorName": "Sunpower Corporation",
      "city": "Hayward",
      "county": "Alameda",
      "state": "CA",
      "latitude": 37.6688,
      "longitude": -122.0808,
      "capacity": 85.0,
      "nameplateCapacity": 90.0,
      "fuelType": "Solar",
      "primaryFuel": "Solar",
      "technology": "Photovoltaic",
      "status": "Operating",
      "operationalYear": 2016,
      "zoningType": "Industrial"
    },
    {
      "plantCode": "CA-008",
      "plantName": "San Mateo Solar Facility",
      "operatorName": "Local Solar Inc",
      "city": "San Mateo County",
      "county": "San Mateo",
      "state": "CA",
      "latitude": 37.5000,
      "longitude": -122.3000,
      "capacity": 45.0,
      "nameplateCapacity": 50.0,
      "fuelType": "Solar",
      "primaryFuel": "Solar",
      "technology": "Photovoltaic",
      "status": "Operating",
      "operationalYear": 2018,
      "zoningType": "Commercial"
    },
    {
      "plantCode": "CA-009",
      "plantName": "Oakland Power Station",
      "operatorName": "Dynegy",
      "city": "Oakland",
      "county": "Alameda County",
      "state": "CA",
      "latitude": 37.8044,
      "longitude": -122.2712,
      "capacity": 320.0,
      "nameplateCapacity": 330.0,
      "fuelType": "Natural Gas",
      "primaryFuel": "Natural Gas",
      "technology": "Combined Cycle",
      "status": "Operating",
      "operationalYear": 1968,
      "zoningType": "Industrial"
    },
    {
      "plantCode": "CA-010",
      "plantName": "Sacramento Cogeneration",
      "operatorName": "Sacramento Municipal",
      "city": "Sacramento",
      "county": "Sacramento",
      "state": "CA",
      "latitude": 38.5816,
      "longitude": -121.4944,
      "capacity": 890.0,
      "nameplateCapacity": 920.0,
      "fuelType": "Natural Gas",
      "primaryFuel": "Natural Gas",
      "technology": "Cogeneration",
      "status": "Operating",
      "operationalYear": 1986,
      "zoningType": "Industrial"
    },
    {
      "plantCode": "CA-011",
      "plantName": "San Jose Wind Farm",
      "operatorName": "Pattern Energy",
      "city": "San Jose",
      "county": "Santa Clara",
      "state": "CA",
      "latitude": 37.3382,
      "longitude": -121.8863,
      "capacity": 125.0,
      "nameplateCapacity": 130.0,
      "fuelType": "Wind",
      "primaryFuel": "Wind",
      "technology": "Onshore Wind Turbine",
      "status": "Operating",
      "operationalYear": 2012,
      "zoningType": "Agricultural"
    },
    {
      "plantCode": "CA-012",
      "plantName": "San Francisco Bay Solar",
      "operatorName": "Bay Area Renewables",
      "city": "San Francisco",
      "county": "San Francisco County",
      "state": "CA",
      "latitude": 37.7500,
      "longitude": -122.4500,
      "capacity": 60.0,
      "nameplateCapacity": 65.0,
      "fuelType": "Solar",
      "primaryFuel": "Solar",
      "technology": "Photovoltaic",
      "status": "Operating",
      "operationalYear": 2017,
      "zoningType": "Commercial"
    }
  ]
}
